"Id";"Designator";"Package";"Quantity";"Designation";"Supplier and ref";
1;"R19,R33,R39,R27,R38,R30,R16,R15,R11,R37,R44,R28,R40,R14,R29,R26,R10,R6,R9,R34,R50,R43";"R_0805_2012Metric_Pad1.20x1.40mm_HandSolder";22;"10k";;;
2;"C26,C27,C18,C8,C56,C52,C37,C51,C28,C48,C44,C2,C47,C46,C43,C53,C3,C45,C14,C16,C38,C22,C19,C24,C12,C36,C15,C5,C23,C21";"C_0805_2012Metric_Pad1.18x1.45mm_HandSolder";30;"0.1uF";;;
3;"SW7";"SW_SPST_CK_KXT3";1;"~{BOOTSEL}";;;
4;"HS4,HS6,HS5,HS7,HS1,HS3,HS2";"MountingHole_2.7mm_M2.5_Pad_Via";7;"Heatsink";;;
5;"CP7,CP2";"CP_Radial_D8.0mm_P3.50mm";2;"470uF,25V";;;
6;"J4";"USB_Receptacle_Type_A_GCT";1;"USB_A";;;
7;"U7";"TO-263-7_TabPin4";1;"LM2593HVS-ADJ";;;
8;"U11,U4";"SOIC-8_3.9x4.9mm_P1.27mm";2;"L6398D";;;
9;"R41,R42";"R_0805_2012Metric_Pad1.20x1.40mm_HandSolder";2;"100";;;
10;"TH1,TH3,TH2";"SolderWire-0.15sqmm_1x02_P3.5mm_D0.5mm_OD1.5mm";3;"10K NTC";;;
11;"C29,C33,C32";"C_0805_2012Metric_Pad1.18x1.45mm_HandSolder";3;"4.7uF,25V";;;
12;"Q4,Q6,Q10,Q5,Q9";"SOT-23";5;"Si2306BDS";;;
13;"R20,R23,R1,R24,R2,R4,R3";"R_0805_2012Metric_Pad1.20x1.40mm_HandSolder";7;"4.7k";;;
14;"U6,U12,U13,U3";"Allegro_CB_PFF";4;"ACS758xCB";;;
15;"C1";"C_0805_2012Metric_Pad1.18x1.45mm_HandSolder";1;"10uF";;;
16;"R49";"R_0805_2012Metric_Pad1.20x1.40mm_HandSolder";1;"72R";;;
17;"U9";"TO-263-5_TabPin3";1;"LM2575S-3.3";;;
18;"L1,L5";"L_Toroid_Vertical_L35.1mm_W21.1mm_P18.50mm_Vishay_TJ6";2;"68uH";;;
19;"MCU1";"RP2040_Stamp_THT";1;"RP2040_Stamp_W";;;
20;"U5";"TME-1212S";1;"TME 1212S";;;
21;"CP6,CP5";"CP_Radial_D8.0mm_P3.50mm";2;"390uF, 10V";;;
22;"R13,R12,R32,R31";"R_0805_2012Metric_Pad1.20x1.40mm_HandSolder";4;"0";;;
23;"NT1";"NetTie-2_SMD_Pad2.0mm";1;"NetTie_2";;;
24;"J5,J6";"PinHeader_2x08_P2.00mm_Vertical";2;"Conn_DISP";;;
25;"Q2,Q3,Q1";"TO-220-3_StaggeredB_Vertical";3;"IPP019N08NF2S";;;
26;"J8";"FanPinHeader_1x03_P2.54mm_Vertical";1;"Flow_M";;;
27;"R46,R36,R25,R8,R18";"R_0805_2012Metric_Pad1.20x1.40mm_HandSolder";5;"1k";;;
28;"C13,C35,C9,C4,C55,C10,C6,C49,C54,C7";"C_0805_2012Metric_Pad1.18x1.45mm_HandSolder";10;"1uF";;;
29;"H7,H6,H4,H8,H2,H3,H5,H1";"MountingHole_4.3mm_M4";8;"MountingHole";;;
30;"U15";"SOIC-8W_5.3x5.3mm_P1.27mm";1;"ATtiny85-20S";;;
31;"J13";"PinHeader_1x04_P2.00mm_Vertical";1;"SWD_IO";;;
32;"U1";"SOT-23-5";1;"AT24CSW080STUM-T";;;
33;"C39";"C_0805_2012Metric_Pad1.18x1.45mm_HandSolder";1;"2nF, 50V";;;
34;"D5,D11,D12,D1";"D_SMF";4;"S07G-M";;;
35;"JP4";"SolderJumper-2_P1.3mm_Bridged_Pad1.0x1.5mm";1;"G_en";;;
36;"R35";"R_0805_2012Metric_Pad1.20x1.40mm_HandSolder";1;"33k";;;
37;"F1,F2";"Fuseholder_Cylinder-5x20mm_Schurter_0031_8201_Horizontal_Open";2;"Fuse 25A";;;
38;"R45,R17";"R_0805_2012Metric_Pad1.20x1.40mm_HandSolder";2;"22k";;;
39;"JP2";"SolderJumper-2_P1.3mm_Open_RoundedPad1.0x1.5mm";1;"AVDD_POW2";;;
40;"D13";"D_SMF";1;"PLZ3V6A, 3.45-3.7V";;;
41;"D2";"LED_0805_2012Metric_Pad1.15x1.40mm_HandSolder";1;"LED";;;
42;"SW2";"RotaryEncoder_Alps_EC11E-Switch_Vertical_H20mm_Inset";1;"Rotary Enc EC11E";;;
43;"CP3";"CP_Radial_D12.5mm_P5.00mm";1;"470uF, 63V";;;
44;"M3";"DIP-40_W15.24mm_Socket";1;"Pico_Display_Pack";;;
45;"L4,L3";"L_10.4x10.4_H4.8";2;"100uH";;;
46;"D7,D8,D6";"D_SMA";3;"B140-E3";;;
47;"R5";"R_0805_2012Metric_Pad1.20x1.40mm_HandSolder";1;"6.8k";;;
48;"J15";"TestPoint_Plated_Hole_D2.0mm";1;"3v3";;;
49;"D14";"LED_1206_3216Metric_Pad1.42x1.75mm_HandSolder";1;"Orange,112mcd";;;
50;"JP3";"SolderJumper-2_P1.3mm_Bridged_Pad1.0x1.5mm";1;"B_en";;;
51;"C17";"C_0805_2012Metric_Pad1.18x1.45mm_HandSolder";1;"10nF,50V";;;
52;"Q8,Q12,Q11,Q7";"TO-220-3_Vertical";4;"IRLB8721PBF";;;
53;"RN1";"R_Array_SIP4";1;"RNet03_10K";;;
54;"JP5";"SolderJumper-2_P1.3mm_Bridged_Pad1.0x1.5mm";1;"R_en";;;
55;"R51,R7";"R_0805_2012Metric_Pad1.20x1.40mm_HandSolder";2;"47k";;;
56;"C31,C30";"CP_Radial_D6.3mm_P2.50mm";2;"47uF";;;
57;"D16";"LED_1206_3216Metric_Pad1.42x1.75mm_HandSolder";1;"Red,100mcd";;;
58;"SW4";"SolderWire-0.5sqmm_1x02_P4.6mm_D0.9mm_OD2.1mm";1;"SW_B";;;
59;"SW5";"SolderWire-0.5sqmm_1x02_P4.6mm_D0.9mm_OD2.1mm";1;"SW_X";;;
60;"CP4";"CP_Radial_D10.0mm_P5.00mm";1;"470uF, 25V";;;
61;"U2";"TQFP-64_10x10mm_P0.5mm";1;"ADS130E08";;;
62;"J3";"PinHeader_1x04_P2.00mm_Vertical";1;"AUX_POWER";;;
63;"J2";"PinHeader_1x04_P2.00mm_Vertical";1;"UART_IO";;;
64;"SW8";"SW_SPST_CK_KXT3";1;"~{RESET}";;;
65;"L2";"L_12x12mm_H8mm";1;"68uH";;;
66;"C20,C41,C42,C40";"C_0805_2012Metric_Pad1.18x1.45mm_HandSolder";4;"22uF,25V";;;
67;"U8";"TO-263-5_TabPin3";1;"LM2575S-5";;;
68;"SW1";"Schurter_SW_MTG_PUSH-12.7mm";1;"STOP_SW";;;
69;"JP1";"SolderJumper-2_P1.3mm_Open_RoundedPad1.0x1.5mm";1;"AVDD_POW1";;;
70;"CP1";"CP_Radial_D12.5mm_P5.00mm";1;"220uF, 50V";;;
71;"C25";"CP_Radial_D5.0mm_P2.00mm";1;"4.7uF,63V";;;
72;"J9";"FanPinHeader_1x03_P2.54mm_Vertical";1;"Fan_M";;;
73;"SW3";"SolderWire-0.5sqmm_1x02_P4.6mm_D0.9mm_OD2.1mm";1;"SW_A";;;
74;"J14";"TestPoint_Plated_Hole_D2.0mm";1;"Gnd";;;
75;"C11";"C_0805_2012Metric_Pad1.18x1.45mm_HandSolder";1;"22uF";;;
76;"J11";"OLED_SOG320132A_M383";1;"OLED_SOG320132A_M383";;;
77;"JP6";"SolderJumper-2_P1.3mm_Open_RoundedPad1.0x1.5mm";1;"DVDD_POW1";;;
78;"J1";"TerminalBlock_Phoenix_MKDS-3-8-5.08_1x08_P5.08mm_Horizontal";1;"8-way_Screw";;;
79;"C34";"C_1206_3216Metric_Pad1.33x1.80mm_HandSolder";1;"47uF";;;
80;"D15";"LED_1206_3216Metric_Pad1.42x1.75mm_HandSolder";1;"Green,100mcd";;;
81;"R48,R47";"R_0805_2012Metric_Pad1.20x1.40mm_HandSolder";2;"60R";;;
82;"R21";"R_0805_2012Metric_Pad1.20x1.40mm_HandSolder";1;"21.8k,0.5%";;;
83;"U10";"SOIC-28W_7.5x17.9mm_P1.27mm";1;"MCP23017_SO";;;
84;"TP1";"TestPoint_Pad_1.0x1.0mm";1;"VTEST+";;;
85;"R22";"R_0805_2012Metric_Pad1.20x1.40mm_HandSolder";1;"2.5k,0.5%";;;
86;"SW6";"SolderWire-0.5sqmm_1x02_P4.6mm_D0.9mm_OD2.1mm";1;"SW_Y";;;
87;"TP2";"TestPoint_Pad_1.0x1.0mm";1;"VTEST-";;;
88;"J16";"PinHeader_2x03_P2.00mm_Vertical";1;"AT85_PROG";;;
89;"CP8";"CP_Radial_D6.3mm_P2.50mm";1;"47uF,63V";;;
90;"BT2";"BatteryHolder_Keystone_500";1;"Lith 3V";;;
91;"TP5";"TestPoint_Pad_1.0x1.0mm";1;"32KHZ_TP";;;
92;"J12";"STEMMA-QT_JSTS4B_PH-P2.00mm_Horizontal";1;"Stemma-QT_QWIIC";;;
93;"TP3";"TestPoint_Pad_1.0x1.0mm";1;"GBP1_TP";;;
94;"U14";"SOIC-16W_7.5x10.3mm_P1.27mm";1;"DS3231";;;
95;"TP6";"TestPoint_Pad_1.0x1.0mm";1;"AT85_TP";;;
96;"BZ1";"Buzzer_3V";1;"Buzzer";;;
97;"TP4";"TestPoint_Pad_1.0x1.0mm";1;"GBP2_TP";;;
